{
    "140.0-1.4000000000000001": -1043889.459431036,
    "140.0-1.5": -1005841.3136869846,
    "140.0-1.6": -970644.9712635098,
    "140.0-1.7000000000000002": -938301.1727467958,
    "140.0-1.8": -906000.4032202275,
    "140.0-1.9000000000000001": -876550.668393513,
    "140.0-2.0": -847139.009721938,
    "140.0-2.1": -817761.707476085,
    "140.0-2.2": -791233.3626466369,
    "140.0-2.3000000000000003": -764736.4108500291,
    "140.0-2.4000000000000004": -738268.1320282596,
    "140.0-2.5": -711826.2529381672,
    "145.0-1.4000000000000001": -1017955.6094851178,
    "145.0-1.5": -982658.6789155281,
    "145.0-1.6": -947414.4327255663,
    "145.0-1.7000000000000002": -912216.5970346964,
    "145.0-1.8": -879871.7279818654,
    "145.0-1.9000000000000001": -847567.4597581615,
    "145.0-2.0": -818114.9951077545,
    "145.0-2.1": -788698.796585055,
    "145.0-2.2": -759315.5007270983,
    "145.0-2.3000000000000003": -732782.2768188531,
    "145.0-2.4000000000000004": -706279.2883550946,
    "145.0-2.5": -679804.0207120773,
    "150.0-1.4000000000000001": -994824.6755026821,
    "150.0-1.5": -956671.5405453086,
    "150.0-1.6": -921377.6996447954,
    "150.0-1.7000000000000002": -886133.1113705919,
    "150.0-1.8": -853744.7965645264,
    "150.0-1.9000000000000001": -821399.216639749,
    "150.0-2.0": -789092.0111706505,
    "150.0-2.1": -759637.4606422856,
    "150.0-2.2": -730217.4717724908,
    "150.0-2.3000000000000003": -700828.9968633744,
    "150.0-2.4000000000000004": -674291.7287192127,
    "150.0-2.5": -647783.5689285002,
    "155.0-1.4000000000000001": -971694.5914998756,
    "155.0-1.5": -933491.0341951337,
    "155.0-1.6": -895341.4347810326,
    "155.0-1.7000000000000002": -860050.611595827,
    "155.0-1.8": -824805.9657467651,
    "155.0-1.9000000000000001": -792417.6924655082,
    "155.0-2.0": -760069.9575939613,
    "155.0-2.1": -730577.5466622127,
    "155.0-2.2": -701121.4345307369,
    "155.0-2.3000000000000003": -671698.2833239894,
    "155.0-2.4000000000000004": -645128.8145852716,
    "155.0-2.5": -618589.6740244017,
    "160.0-1.4000000000000001": -948565.2798407236,
    "160.0-1.5": -910311.9651850007,
    "160.0-1.6": -872115.4796860705,
    "160.0-1.7000000000000002": -833969.0067974303,
    "160.0-1.8": -798681.1017322969,
    "160.0-1.9000000000000001": -766252.6839983065,
    "160.0-2.0": -733866.7094334628,
    "160.0-2.1": -701518.9214844834,
    "160.0-2.2": -672027.2022761074,
    "160.0-2.3000000000000003": -642569.9562762715,
    "160.0-2.4000000000000004": -613144.170389671,
    "160.0-2.5": -586573.0988155932,
    "165.0-1.4000000000000001": -928242.6949660328,
    "165.0-1.5": -887134.2051731688,
    "165.0-1.6": -846080.5453166347,
    "165.0-1.7000000000000002": -810701.3013503555,
    "165.0-1.8": -772557.5965703545,
    "165.0-1.9000000000000001": -740089.6148386452,
    "165.0-2.0": -704846.9156404343,
    "165.0-2.1": -672461.4685730212,
    "165.0-2.2": -642934.6114804354,
    "165.0-2.3000000000000003": -613443.7990338905,
    "165.0-2.4000000000000004": -583985.7687241136,
    "165.0-2.5": -554557.7926947358,
    "170.0-1.4000000000000001": -905115.3990924493,
    "170.0-1.5": -863957.6407819486,
    "170.0-1.6": -822857.4356430692,
    "170.0-1.7000000000000002": -784621.9236704638,
    "170.0-1.8": -746435.332221604,
    "170.0-1.9000000000000001": -711110.2107006948,
    "170.0-2.0": -678647.5215881172,
    "170.0-2.1": -646226.6567166699,
    "170.0-2.2": -613843.5182357882,
    "170.0-2.3000000000000003": -584319.6208729488,
    "170.0-2.4000000000000004": -554829.8777882949,
    "170.0-2.5": -531480.6774827354,
    "175.0-1.4000000000000001": -881988.6555016733,
    "175.0-1.5": -840782.1714453741,
    "175.0-1.6": -799636.1018264111,
    "175.0-1.7000000000000002": -758543.190869205,
    "175.0-1.8": -720314.2041227901,
    "175.0-1.9000000000000001": -684949.6042722831,
    "175.0-2.0": -649629.5597570614,
    "175.0-2.1": -617171.9437773175,
    "175.0-2.2": -584753.7953270106,
    "175.0-2.3000000000000003": -555197.2531802747,
    "175.0-2.4000000000000004": -534613.74287664,
    "175.0-2.5": -533453.9010263083,
    "180.0-1.4000000000000001": -858862.4195055588,
    "180.0-1.5": -817607.7076255017,
    "180.0-1.6": -773602.8855951007,
    "180.0-1.7000000000000002": -735280.5746778334,
    "180.0-1.8": -697011.7750232605,
    "180.0-1.9000000000000001": -658790.5362484592,
    "180.0-2.0": -623433.4402414872,
    "180.0-2.1": -590941.4733833037,
    "180.0-2.2": -555665.3298211328,
    "180.0-2.3000000000000003": -537840.0973686938,
    "180.0-2.4000000000000004": -536619.4216832324,
    "180.0-2.5": -535499.1252403655
}