{
    "140.0-1.4000000000000001": -965489.459431036,
    "140.0-1.5": -927441.3136869846,
    "140.0-1.6": -892244.9712635098,
    "140.0-1.7000000000000002": -859901.1727467958,
    "140.0-1.8": -827600.4032202275,
    "140.0-1.9000000000000001": -798150.668393513,
    "140.0-2.0": -768739.009721938,
    "140.0-2.1": -739361.707476085,
    "140.0-2.2": -712833.3626466369,
    "140.0-2.3000000000000003": -686336.4108500291,
    "140.0-2.4000000000000004": -659868.1320282596,
    "140.0-2.5": -633426.2529381672,
    "145.0-1.4000000000000001": -936755.6094851178,
    "145.0-1.5": -901458.6789155281,
    "145.0-1.6": -866214.4327255663,
    "145.0-1.7000000000000002": -831016.5970346964,
    "145.0-1.8": -798671.7279818654,
    "145.0-1.9000000000000001": -766367.4597581615,
    "145.0-2.0": -736914.9951077545,
    "145.0-2.1": -707498.796585055,
    "145.0-2.2": -678115.5007270983,
    "145.0-2.3000000000000003": -651582.2768188531,
    "145.0-2.4000000000000004": -625079.2883550946,
    "145.0-2.5": -598604.0207120773,
    "150.0-1.4000000000000001": -910824.6755026821,
    "150.0-1.5": -872671.5405453086,
    "150.0-1.6": -837377.6996447954,
    "150.0-1.7000000000000002": -802133.1113705919,
    "150.0-1.8": -769744.7965645264,
    "150.0-1.9000000000000001": -737399.216639749,
    "150.0-2.0": -705092.0111706505,
    "150.0-2.1": -675637.4606422856,
    "150.0-2.2": -646217.4717724908,
    "150.0-2.3000000000000003": -616828.9968633744,
    "150.0-2.4000000000000004": -590291.7287192127,
    "150.0-2.5": -563783.5689285002,
    "155.0-1.4000000000000001": -884894.5914998756,
    "155.0-1.5": -846691.0341951337,
    "155.0-1.6": -808541.4347810326,
    "155.0-1.7000000000000002": -773250.611595827,
    "155.0-1.8": -738005.9657467651,
    "155.0-1.9000000000000001": -705617.6924655082,
    "155.0-2.0": -673269.9575939613,
    "155.0-2.1": -643777.5466622127,
    "155.0-2.2": -614321.4345307369,
    "155.0-2.3000000000000003": -584898.2833239894,
    "155.0-2.4000000000000004": -558328.8145852716,
    "155.0-2.5": -531789.6740244017,
    "160.0-1.4000000000000001": -858965.2798407236,
    "160.0-1.5": -820711.9651850007,
    "160.0-1.6": -782515.4796860705,
    "160.0-1.7000000000000002": -744369.0067974303,
    "160.0-1.8": -709081.1017322969,
    "160.0-1.9000000000000001": -676652.6839983065,
    "160.0-2.0": -644266.7094334628,
    "160.0-2.1": -611918.9214844834,
    "160.0-2.2": -582427.2022761074,
    "160.0-2.3000000000000003": -552969.9562762715,
    "160.0-2.4000000000000004": -523544.170389671,
    "160.0-2.5": -496973.0988155931,
    "165.0-1.4000000000000001": -835842.6949660328,
    "165.0-1.5": -794734.2051731688,
    "165.0-1.6": -753680.5453166347,
    "165.0-1.7000000000000002": -718301.3013503555,
    "165.0-1.8": -680157.5965703545,
    "165.0-1.9000000000000001": -647689.6148386452,
    "165.0-2.0": -612446.9156404343,
    "165.0-2.1": -580061.4685730212,
    "165.0-2.2": -550534.6114804354,
    "165.0-2.3000000000000003": -521043.79903389054,
    "165.0-2.4000000000000004": -491585.7687241136,
    "165.0-2.5": -462157.7926947358,
    "170.0-1.4000000000000001": -809915.3990924493,
    "170.0-1.5": -768757.6407819486,
    "170.0-1.6": -727657.4356430692,
    "170.0-1.7000000000000002": -689421.9236704638,
    "170.0-1.8": -651235.332221604,
    "170.0-1.9000000000000001": -615910.2107006948,
    "170.0-2.0": -583447.5215881172,
    "170.0-2.1": -551026.6567166699,
    "170.0-2.2": -518643.5182357883,
    "170.0-2.3000000000000003": -489119.6208729488,
    "170.0-2.4000000000000004": -459629.8777882949,
    "170.0-2.5": -436280.67748273537,
    "175.0-1.4000000000000001": -783988.6555016733,
    "175.0-1.5": -742782.1714453741,
    "175.0-1.6": -701636.1018264111,
    "175.0-1.7000000000000002": -660543.190869205,
    "175.0-1.8": -622314.2041227901,
    "175.0-1.9000000000000001": -586949.6042722831,
    "175.0-2.0": -551629.5597570614,
    "175.0-2.1": -519171.94377731753,
    "175.0-2.2": -486753.7953270106,
    "175.0-2.3000000000000003": -457197.2531802748,
    "175.0-2.4000000000000004": -436613.7428766401,
    "175.0-2.5": -435453.9010263083,
    "180.0-1.4000000000000001": -758062.4195055588,
    "180.0-1.5": -716807.7076255017,
    "180.0-1.6": -672802.8855951007,
    "180.0-1.7000000000000002": -634480.5746778334,
    "180.0-1.8": -596211.7750232605,
    "180.0-1.9000000000000001": -557990.5362484592,
    "180.0-2.0": -522633.4402414872,
    "180.0-2.1": -490141.47338330373,
    "180.0-2.2": -454865.3298211328,
    "180.0-2.3000000000000003": -437040.0973686938,
    "180.0-2.4000000000000004": -435819.4216832324,
    "180.0-2.5": -434699.1252403655
}