error-sigma,EVII,expected_prior_utility,expected_preposterior_utility,n_prior_samples,n_measurement_samples
0.125,15416.806180960266,-819036.1679317711,-803619.3617508109,100000,100000
0.085,19743.053392761154,-819106.9394946124,-799363.8861018512,100000,100000
0.05,24246.148426877917,-819230.4065101856,-794984.2580833076,100000,100000
0.025,27683.20977287658,-819145.0002183821,-791461.7904455055,100000,100000
